{"cameraMode":{"drawMode":0,"name":"Shaded","section":"Shading Mode"},"sceneLighting":false,"audioPlay":false,"sceneViewState":{"showFog":true,"showMaterialUpdate":false,"showSkybox":false,"showFlares":true,"showImageEffects":true,"showParticleSystems":true},"in2DMode":false,"pivot":{"x":3.1027865409851076,"y":2.4507503509521486,"z":-3.2586593627929689},"rotation":{"x":0.2690337300300598,"y":-0.08408903330564499,"z":0.022695060819387437,"w":0.9594497084617615},"size":53.33744812011719,"orthographic":false}