{"cameraMode":{"drawMode":0,"name":"Shaded","section":"Shading Mode"},"sceneLighting":false,"audioPlay":false,"sceneViewState":{"showFog":true,"showMaterialUpdate":false,"showSkybox":false,"showFlares":true,"showImageEffects":true,"showParticleSystems":true},"in2DMode":false,"pivot":{"x":-1.8451838493347169,"y":0.4823448061943054,"z":7.809967041015625},"rotation":{"x":0.29465043544769289,"y":-0.3230157494544983,"z":0.10574562847614289,"w":0.8934345841407776},"size":8.175451278686524,"orthographic":false}