{"cameraMode":{"drawMode":0,"name":"Shaded","section":"Shading Mode"},"sceneLighting":false,"audioPlay":false,"sceneViewState":{"showFog":true,"showMaterialUpdate":false,"showSkybox":false,"showFlares":true,"showImageEffects":true,"showParticleSystems":true},"in2DMode":false,"pivot":{"x":-1.4843660593032838,"y":-1.3722106218338013,"z":2.1325793266296388},"rotation":{"x":0.03908061236143112,"y":-0.9150571227073669,"z":0.3922244906425476,"w":0.08974171429872513},"size":2.235597610473633,"orthographic":false}